app,scenario,auth_state,elapsed_seconds,interval_seconds,process_count,physical_footprint_bytes,rss_bytes,cpu_percent_one_core,idle_wakeups_per_second
Discord,idle-last-observed-friends,signed-in,1.0379343329987023,1.0003403750015423,7,690055080,464699392,0.023136624871273756,0.0
Discut,populated-group-preview,offline-synthetic,1.0380624170065857,1.0003260420053266,1,104072248,72859648,0.0032406434141227115,0.0
Discord,idle-last-observed-friends,signed-in,2.0466260419925675,1.0086917089938652,7,690055080,464715776,0.06374643454156823,0.0
Discut,populated-group-preview,offline-synthetic,2.0467776249861345,1.0087152079795487,1,104072248,72859648,0.0016465499745233086,0.0
Discord,idle-last-observed-friends,signed-in,3.03666612500092,0.9900400830083527,7,689219496,463912960,0.037356164295509614,0.0
Discut,populated-group-preview,offline-synthetic,3.0368269169994164,0.990049292013282,1,104072248,72859648,0.0,0.0
Discord,idle-last-observed-friends,signed-in,4.032987291982863,0.996321166981943,7,689219496,463912960,0.027641187312543683,0.0
Discut,populated-group-preview,offline-synthetic,4.033127957984107,0.9963010409846902,1,104072248,72859648,6.473946864117665e-05,0.0
Discord,idle-last-observed-friends,signed-in,5.037989167001797,1.0050018750189338,7,689219496,464044032,0.024216173725587823,0.0
Discut,populated-group-preview,offline-synthetic,5.038145667000208,1.0050177090161014,1,104072248,72859648,4.4078825280968524e-05,0.0
Discord,idle-last-observed-friends,signed-in,6.047893417009618,1.0099042500078212,7,689219496,464044032,0.023620754145569006,0.0
Discut,populated-group-preview,offline-synthetic,6.048045874980744,1.009900207980536,1,104072248,72859648,0.0,0.0
Discord,idle-last-observed-friends,signed-in,7.0351815419853665,0.9872881249757484,7,689219496,464044032,0.03820910942378308,0.0
Discut,populated-group-preview,offline-synthetic,7.035375332983676,0.9873294580029324,1,104072248,72859648,0.0,0.0
Discord,idle-last-observed-friends,signed-in,8.03635908299475,1.0011775410093833,7,690218920,465616896,0.02164631058158833,0.0
Discut,populated-group-preview,offline-synthetic,8.036520958004985,1.0011456250213087,1,104072248,72859648,0.00022234527568880112,0.0
Discord,idle-last-observed-friends,signed-in,9.03591958299512,0.9995605000003707,7,690218920,465616896,0.015292421019032196,0.0
Discut,populated-group-preview,offline-synthetic,9.036067791981623,0.9995468339766376,1,104072248,72859648,0.0,0.0
Discord,idle-last-observed-friends,signed-in,10.034698542003753,0.9987789590086322,7,690218920,463486976,0.027701224330418515,0.0
Discut,populated-group-preview,offline-synthetic,10.034856457990827,0.9987886660092045,1,104072248,72843264,0.0,0.0
Discord,idle-last-observed-friends,signed-in,11.038025999994716,1.003327457990963,7,689235880,463503360,0.013133498834354326,0.0
Discut,populated-group-preview,offline-synthetic,11.038173292006832,1.0033168340160046,1,104072248,72843264,0.00022804361717342644,0.0
Discord,idle-last-observed-friends,signed-in,12.040494207991287,1.0024682079965714,7,689235880,463503360,0.04170436495293124,0.0
Discut,populated-group-preview,offline-synthetic,12.040622957982123,1.0024496659752913,1,104072248,72843264,0.0,0.0
Discord,idle-last-observed-friends,signed-in,13.038952250004513,0.9984580420132261,7,689235880,463503360,0.009338599728436547,0.0
Discut,populated-group-preview,offline-synthetic,13.03910199998063,0.9984790419985075,1,104072248,72843264,0.0,0.0
Discord,idle-last-observed-friends,signed-in,14.039258332981262,1.0003060829767492,7,688580520,463421440,0.04576409239037293,0.0
Discut,populated-group-preview,offline-synthetic,14.039407457981724,1.000305458001094,1,104072248,72843264,9.407126517937793e-05,0.0
Discord,idle-last-observed-friends,signed-in,15.03715324998484,0.9978949170035776,7,688613288,465862656,0.03475476165781057,0.0
Discut,populated-group-preview,offline-synthetic,15.037301375006791,0.9978939170250669,1,104072248,72843264,0.0,0.0
Discord,idle-last-observed-friends,signed-in,16.034179457987193,0.9970262080023531,7,688613288,465862656,0.010804229531320984,0.0
Discut,populated-group-preview,offline-synthetic,16.034322708001127,0.9970213329943363,1,104072248,72843264,0.0,0.0
Discord,idle-last-observed-friends,signed-in,17.03773829198326,1.0035588339960668,7,688613288,466108416,0.03846192041009055,0.0
Discut,populated-group-preview,offline-synthetic,17.037893458007602,1.0035707500064746,1,104072248,72843264,0.00029405002088601744,0.0
Discord,idle-last-observed-friends,signed-in,18.037451666983543,0.9997133750002831,7,688613288,466501632,0.020631313450211825,0.0
Discut,populated-group-preview,offline-synthetic,18.037604499986628,0.999711041979026,1,104072248,72843264,0.0,0.0
Discord,idle-last-observed-friends,signed-in,19.030588499997975,0.9931368330144323,7,688629672,467927040,0.011669288274027377,1.006910595556844
Discut,populated-group-preview,offline-synthetic,19.03071004198864,0.993105542002013,1,104072248,72843264,0.0,0.0
Discord,idle-last-observed-friends,signed-in,20.032534833007958,1.0019463330099825,7,688629672,467959808,0.019129767102814516,0.0
Discut,populated-group-preview,offline-synthetic,20.032689124986064,1.0019790829974227,1,104072248,72843264,8.71275673129242e-05,0.0
Discord,idle-last-observed-friends,signed-in,21.023858542001108,0.9913237089931499,7,688629672,465928192,0.004046811312597913,0.0
Discut,populated-group-preview,offline-synthetic,21.02395775000332,0.9912686250172555,1,104072248,72843264,0.0,0.0
Discord,idle-last-observed-friends,signed-in,22.02715233300114,1.0032937910000328,7,688646056,465305600,0.03448172440648431,0.0
Discut,populated-group-preview,offline-synthetic,22.02727441699244,1.0033166669891216,1,104072248,72826880,0.0,0.0
Discord,idle-last-observed-friends,signed-in,23.0282057079894,1.0010533749882597,7,688646056,464961536,0.03513459010156426,0.0
Discut,populated-group-preview,offline-synthetic,23.0283127919829,1.0010383749904577,1,104072248,72794112,5.0147927646108996e-05,0.0
Discord,idle-last-observed-friends,signed-in,24.030455832980806,1.0022501249914058,7,688646056,461979648,0.007307956185151692,0.0
Discut,populated-group-preview,offline-synthetic,24.030579624988604,1.0022668330057058,1,104072248,72794112,0.0,0.0
Discord,idle-last-observed-friends,signed-in,25.03007254199474,0.9996167090139352,7,688646056,461979648,0.006185770950247091,0.0
Discut,populated-group-preview,offline-synthetic,25.030184083007043,0.9996044580184389,1,104072248,72794112,0.0,0.0
Discord,idle-last-observed-friends,signed-in,26.032796166982735,1.0027236249879934,7,688662440,461094912,0.008692624550562843,0.0
Discut,populated-group-preview,offline-synthetic,26.03291954199085,1.002735458983807,1,104072248,72794112,5.076114496996359e-05,0.0
Discord,idle-last-observed-friends,signed-in,27.040770166990114,1.0079740000073798,7,688662440,461832192,0.03439066880668172,0.0
Discut,populated-group-preview,offline-synthetic,27.04094520799117,1.0080256660003215,1,104072248,72794112,0.0,0.0
Discord,idle-last-observed-friends,signed-in,28.03633037500549,0.9955602080153767,7,688662440,461832192,0.008821164133816364,0.0
Discut,populated-group-preview,offline-synthetic,28.036477374989772,0.9955321669986006,1,104072248,72794112,0.0,0.0
Discord,idle-last-observed-friends,signed-in,29.028170167002827,0.9918397919973359,7,688662440,461832192,0.003095963707824548,0.0
Discut,populated-group-preview,offline-synthetic,29.02827954199165,0.9918021670018788,1,104072248,72794112,8.056042087660475e-05,0.0
Discord,idle-last-observed-friends,signed-in,30.03691795800114,1.0087477909983136,7,688662440,462553088,0.01671418777860619,0.0
Discut,populated-group-preview,offline-synthetic,30.037064167001517,1.0087846250098664,1,104072248,72794112,0.0,0.0
Discord,idle-last-observed-friends,signed-in,31.058371124992846,1.021453166991705,7,688662440,465338368,0.012256460114437793,0.0
Discut,populated-group-preview,offline-synthetic,31.05868483299855,1.021620665997034,1,104072248,72794112,0.0,0.0
Discord,idle-last-observed-friends,signed-in,32.04706233300385,0.9886912080110051,7,688662440,465420288,0.04226051537775475,0.0
Discut,populated-group-preview,offline-synthetic,32.047212749981554,0.9885279169830028,1,104072248,72794112,6.7372907588957e-05,0.0
Discord,idle-last-observed-friends,signed-in,33.0403745000076,0.9933121670037508,7,688678824,465469440,0.008532866385364627,0.0
Discut,populated-group-preview,offline-synthetic,33.040541916998336,0.9933291670167819,1,104072248,72794112,0.0,0.0
Discord,idle-last-observed-friends,signed-in,34.02794199998607,0.9875674999784678,7,688678824,465567744,0.007769595496173474,0.0
Discut,populated-group-preview,offline-synthetic,34.02806366700679,0.9875217500084545,1,104072248,72794112,0.0,0.0
Discord,idle-last-observed-friends,signed-in,35.04479329200694,1.016851292020874,7,688678824,465567744,0.012222534501873716,0.0
Discut,populated-group-preview,offline-synthetic,35.04496025000117,1.0168965829943772,1,104072248,72794112,0.00011761274646810502,0.0
Discord,idle-last-observed-friends,signed-in,36.03624074999243,0.9914474579854868,7,688695208,465715200,0.007053929024348132,0.0
Discut,populated-group-preview,offline-synthetic,36.03638162498828,0.9914213749871124,1,104072248,72794112,0.0,0.0
Discord,idle-last-observed-friends,signed-in,37.03711179198581,1.0008710419933777,7,688695208,465715200,0.03434648277118148,0.0
Discut,populated-group-preview,offline-synthetic,37.03729062498314,1.0009089999948628,1,104072248,72794112,0.0,0.0
Discord,idle-last-observed-friends,signed-in,38.02501924999524,0.9879074580094311,7,688695208,465715200,0.031576540643650244,0.0
Discut,populated-group-preview,offline-synthetic,38.02512870798819,0.9878380830050446,1,104072248,72794112,4.5857717756937976e-05,0.0
Discord,idle-last-observed-friends,signed-in,39.03888883299078,1.0138695829955395,7,688695208,465715200,0.022931548978230156,0.9863201508081927
Discut,populated-group-preview,offline-synthetic,39.03905662498437,1.013927916996181,1,104072248,72794112,0.0,0.0
Discord,idle-last-observed-friends,signed-in,40.03242516698083,0.9935363339900505,7,688695208,465715200,0.011055257492082814,0.0
Discut,populated-group-preview,offline-synthetic,40.03259533300297,0.9935387080186047,1,104072248,72794112,0.0,0.0
Discord,idle-last-observed-friends,signed-in,41.03956887498498,1.0071437080041505,7,688695208,465715200,0.012981067047430853,0.0
Discut,populated-group-preview,offline-synthetic,41.03971204199479,1.0071167089918163,1,104072248,72794112,0.0021431478404927732,0.0
Discord,idle-last-observed-friends,signed-in,42.03622733298107,0.9966584579960909,7,688695208,465715200,0.044378592932357866,0.0
Discut,populated-group-preview,offline-synthetic,42.036381541984156,0.9966694999893662,1,104072248,72794112,0.0027883867220072967,0.0
Discord,idle-last-observed-friends,signed-in,43.03075995799736,0.9945326250162907,7,688695208,465715200,0.018376169408922748,0.0
Discut,populated-group-preview,offline-synthetic,43.0309290419973,0.994547500013141,1,104072248,72794112,0.0,0.0
Discord,idle-last-observed-friends,signed-in,44.03398529198603,1.0032253339886665,7,688695208,465715200,0.017802082338763747,0.0
Discut,populated-group-preview,offline-synthetic,44.034138082992285,1.0032090409949888,1,104072248,72794112,0.00020892953655214018,0.0
Discord,idle-last-observed-friends,signed-in,45.03504516699468,1.0010598750086501,7,688711592,465731584,0.01969882171116848,0.0
Discut,populated-group-preview,offline-synthetic,45.03518904198427,1.001050958991982,1,104072248,72794112,0.0,0.0
Discord,idle-last-observed-friends,signed-in,46.037021041993285,1.0019758749986067,7,688711592,465731584,0.021281450513995312,0.0
Discut,populated-group-preview,offline-synthetic,46.03717749999487,1.0019884580106009,1,104072248,72794112,0.0,0.0
Discord,idle-last-observed-friends,signed-in,47.0401989579841,1.0031779159908183,7,688711592,465731584,0.049538670267592746,0.0
Discut,populated-group-preview,offline-synthetic,47.04037599998992,1.003198499995051,1,104072248,72794112,0.00010526331528657683,0.0
Discord,idle-last-observed-friends,signed-in,48.03768329200102,0.9974843340169173,7,688711592,465731584,0.023484278600813303,0.0
Discut,populated-group-preview,offline-synthetic,48.03783345798729,0.9974574579973705,1,104072248,72794112,0.0,0.0
Discord,idle-last-observed-friends,signed-in,49.03237695799908,0.9946936659980565,7,688727976,465911808,0.03771522960524542,0.0
Discut,populated-group-preview,offline-synthetic,49.032504333008546,0.9946708750212565,1,104072248,72794112,0.0,0.0
Discord,idle-last-observed-friends,signed-in,50.03540599998087,1.0030290419817902,7,688727976,465911808,0.027965890144693587,0.0
Discut,populated-group-preview,offline-synthetic,50.03556287498213,1.0030585419735871,1,104072248,72794112,0.00014655176527460432,0.0
Discord,idle-last-observed-friends,signed-in,51.03277462499682,0.9973686250159517,7,688727976,465911808,0.01463089938262958,0.0
Discut,populated-group-preview,offline-synthetic,51.03290733299218,0.9973444580100477,1,104072248,72794112,0.0,0.0
Discord,idle-last-observed-friends,signed-in,52.04347425000742,1.0106996250106022,7,688744360,465928192,0.04452321826034907,0.0
Discut,populated-group-preview,offline-synthetic,52.04363254198688,1.0107252089946996,1,104072248,72794112,0.0,0.0
Discord,idle-last-observed-friends,signed-in,53.026803874992765,0.9833296249853447,7,688760744,466059264,0.015104294249470372,0.0
Discut,populated-group-preview,offline-synthetic,53.02691987500293,0.983287333016051,1,104072248,72794112,0.00015376990521806289,0.0
Discord,idle-last-observed-friends,signed-in,54.02795383299235,1.001149957999587,7,688760744,466403328,0.02370813663861712,0.0
Discut,populated-group-preview,offline-synthetic,54.02807566698175,1.0011557919788174,1,104072248,72794112,0.0,0.0
Discord,idle-last-observed-friends,signed-in,55.03444066699012,1.0064868339977693,7,689170344,466960384,0.03665303782809519,0.0
Discut,populated-group-preview,offline-synthetic,55.034556708007585,1.006481041025836,1,104072248,72794112,0.0,0.0
Discord,idle-last-observed-friends,signed-in,56.028107791993534,0.9936671250034124,7,689170344,466960384,0.01080915301486211,0.0
Discut,populated-group-preview,offline-synthetic,56.02822462498443,0.9936679169768468,1,104072248,72794112,6.470974749353635e-05,0.0
Discord,idle-last-observed-friends,signed-in,57.02572166698519,0.9976138749916572,7,689563560,465960960,0.06276897462008903,0.0
Discut,populated-group-preview,offline-synthetic,57.02583674999187,0.9976121250074357,1,104072248,72794112,0.0,0.0
Discord,idle-last-observed-friends,signed-in,58.030621916987,1.0049002500018105,7,689563560,465960960,0.018294054559113582,0.0
Discut,populated-group-preview,offline-synthetic,58.030746332980925,1.0049095829890575,1,104072248,72794112,0.0,0.0
Discord,idle-last-observed-friends,signed-in,59.02265820800676,0.9920362910197582,7,691922856,475643904,0.15925687540885877,0.0
Discut,populated-group-preview,offline-synthetic,59.02277266699821,0.9920263340172824,1,104072248,72794112,0.00019424887565196725,0.0
Discord,idle-last-observed-friends,signed-in,60.03900254200562,1.016344333998859,7,692021160,479592448,0.06518135417683588,0.0
Discut,populated-group-preview,offline-synthetic,60.039174707984785,1.016402040986577,1,104072248,72794112,0.0,0.0
